group	colour	showSelected2	fill
1	#F8766D	1	#F8766D
1	#F8766D	1	#F8766D
1	#F8766D	1	#F8766D
1	#F8766D	1	#F8766D
1	#F8766D	1	#F8766D
1	#F8766D	1	#F8766D
1	#F8766D	1	#F8766D
1	#F8766D	1	#F8766D
1	#F8766D	1	#F8766D
1	#F8766D	1	#F8766D
1	#F8766D	1	#F8766D
1	#F8766D	1	#F8766D
1	#F8766D	1	#F8766D
1	#F8766D	1	#F8766D
1	#F8766D	1	#F8766D
1	#F8766D	1	#F8766D
1	#F8766D	1	#F8766D
1	#F8766D	1	#F8766D
1	#F8766D	1	#F8766D
1	#F8766D	1	#F8766D
1	#F8766D	1	#F8766D
1	#F8766D	1	#F8766D
1	#F8766D	1	#F8766D
1	#F8766D	1	#F8766D
1	#F8766D	1	#F8766D
1	#F8766D	1	#F8766D
1	#F8766D	1	#F8766D
1	#F8766D	1	#F8766D
1	#F8766D	1	#F8766D
1	#F8766D	1	#F8766D
1	#F8766D	1	#F8766D
1	#F8766D	1	#F8766D
1	#F8766D	1	#F8766D
1	#F8766D	1	#F8766D
1	#F8766D	1	#F8766D
1	#F8766D	1	#F8766D
1	#F8766D	1	#F8766D
1	#F8766D	1	#F8766D
1	#F8766D	1	#F8766D
1	#F8766D	1	#F8766D
1	#F8766D	1	#F8766D
1	#F8766D	1	#F8766D
1	#F8766D	1	#F8766D
1	#F8766D	1	#F8766D
1	#F8766D	1	#F8766D
1	#F8766D	1	#F8766D
1	#F8766D	1	#F8766D
1	#F8766D	1	#F8766D
1	#F8766D	1	#F8766D
1	#F8766D	1	#F8766D
1	#00BFC4	2	#00BFC4
1	#00BFC4	2	#00BFC4
1	#00BFC4	2	#00BFC4
1	#00BFC4	2	#00BFC4
1	#00BFC4	2	#00BFC4
1	#00BFC4	2	#00BFC4
1	#00BFC4	2	#00BFC4
1	#00BFC4	2	#00BFC4
1	#00BFC4	2	#00BFC4
1	#00BFC4	2	#00BFC4
1	#00BFC4	2	#00BFC4
1	#00BFC4	2	#00BFC4
1	#00BFC4	2	#00BFC4
1	#00BFC4	2	#00BFC4
1	#00BFC4	2	#00BFC4
1	#00BFC4	2	#00BFC4
1	#00BFC4	2	#00BFC4
1	#00BFC4	2	#00BFC4
1	#00BFC4	2	#00BFC4
1	#00BFC4	2	#00BFC4
1	#00BFC4	2	#00BFC4
1	#00BFC4	2	#00BFC4
1	#00BFC4	2	#00BFC4
1	#00BFC4	2	#00BFC4
1	#00BFC4	2	#00BFC4
1	#00BFC4	2	#00BFC4
1	#00BFC4	2	#00BFC4
1	#00BFC4	2	#00BFC4
1	#00BFC4	2	#00BFC4
1	#00BFC4	2	#00BFC4
1	#00BFC4	2	#00BFC4
1	#00BFC4	2	#00BFC4
1	#00BFC4	2	#00BFC4
1	#F8766D	1	#F8766D
1	#00BFC4	2	#00BFC4
1	#00BFC4	2	#00BFC4
1	#00BFC4	2	#00BFC4
1	#00BFC4	2	#00BFC4
1	#00BFC4	2	#00BFC4
1	#00BFC4	2	#00BFC4
1	#00BFC4	2	#00BFC4
1	#00BFC4	2	#00BFC4
1	#00BFC4	2	#00BFC4
1	#00BFC4	2	#00BFC4
1	#00BFC4	2	#00BFC4
1	#00BFC4	2	#00BFC4
1	#00BFC4	2	#00BFC4
1	#00BFC4	2	#00BFC4
1	#00BFC4	2	#00BFC4
1	#00BFC4	2	#00BFC4
